moneyness_bin,30,45,60,90
1.15,0.150337076745423,0.1416921187342433,0.1385486002386201,0.13448043451410074
1.1,0.15291581341141455,0.149348854299611,0.14597893885802796,0.1416998822448389
1.05,0.16073043684148575,0.15667026576765847,0.15350996855872634,0.1492485702964759
1.0,0.1681921622646173,0.16411150891244408,0.161072893980204,0.15667198223608625
0.95,,0.17169137284243585,0.16850601139409105,0.1641851401728979
0.9,0.18362559408325596,0.17888866367615924,0.1758969027572696,0.17170419628384553
0.85,0.1945624045809465,0.1848015549781031,0.184280807472923,0.17894983647810242
