moneyness_bin,30,45,60,90
1.15,0.1557956867313111,0.1507794227778532,0.14889616951304446,0.1440953554280492
1.1,0.16302537612292395,0.1591464081692309,0.1560195907811694,0.151698638166576
1.05,0.1706593933764638,0.16667048524733286,0.1635470299310593,0.1592012459749076
1.0,0.1781983403766825,0.1741805992183437,0.17106317511696734,0.16670472816428022
0.95,0.18573765996382097,0.181662150510036,0.17853743972535868,0.17422287352201865
0.9,,0.18914223430910646,0.18603686484992987,0.1817495481571284
0.85,0.1989989807825105,0.1971323594060485,0.1932741859404061,0.1891077868351471
0.8,0.2047350780826977,0.2018380471833459,0.1998589374885842,0.19687959773803937
