moneyness_bin,30,45,60,90
1.2,0.33830141615667353,0.3336645570711987,0.33092141729377234,0.3267467531468035
1.15,0.3460959064191902,0.3418822940527287,0.33846811189646214,0.3341538250620091
1.1,0.3533465211848432,0.3492753401041222,0.3461323325607828,0.3417310153340128
1.05,0.36069388224417165,0.3566781407937438,0.35346986380256346,0.3491709992603139
1.0,0.3682175217261686,0.3641693056175377,0.3610545540069797,0.3566816614298409
0.95,0.3757934389964608,0.37164208808229626,0.3684596952854696,0.36416414950643017
0.9,0.3831389365869224,0.37910252520521404,0.37608863211020205,0.3716646033888848
0.85,0.39042075333678816,0.3867963466435226,0.38384493737154546,0.3792231258864407
