moneyness_bin,30,45,60,90
1.15,0.1746120616345796,0.1711190785248901,0.1683555451303149,0.1642380694214182
1.1,0.1827453010855217,0.17882570954834537,0.17595737908103748,0.17176501820731785
1.05,0.19050165323401966,0.1866440034224292,0.1835216627011467,0.1792597446593876
1.0,0.1982981718600711,0.19411416432348866,0.1909598962268804,0.18674439380650243
0.95,0.2056253953194737,0.20184106063062418,0.19853627588581768,0.19419753146699614
0.9,0.2129426926359107,0.208987996326131,0.20579817099772152,0.20174244285107273
0.85,0.2191915299721614,0.2177150666857307,0.2138445011891211,0.2090070895741886
