moneyness_bin,30,45,60,90
1.15,0.217046873755667,0.210196857456158,0.20826036832393835,0.20406546454425878
1.1,0.22310636049663304,0.21884331040787114,0.2159592535121311,0.2115897808222749
1.05,0.23073385821125875,0.2267730971627678,0.22348550557474456,0.2191728098201754
1.0,0.23833269834684814,0.23406239977064586,0.23116994429086918,0.2265868936027823
0.95,0.24567320141350585,0.2416349902917638,0.238350803873785,0.2342195559370921
0.9,0.25407348768443133,0.24957140981841355,0.24583867114645408,0.24157482863667334
0.85,0.2593406330161713,0.25738861177362593,0.2535747277776648,0.24917367931147777
